{"cameraMode":{"drawMode":0,"name":"Shaded","section":"Shading Mode"},"sceneLighting":false,"audioPlay":false,"sceneViewState":{"showFog":true,"showMaterialUpdate":false,"showSkybox":false,"showFlares":true,"showImageEffects":true,"showParticleSystems":true},"in2DMode":false,"pivot":{"x":0.16398048400878907,"y":-0.19579541683197022,"z":0.154396653175354},"rotation":{"x":0.25851333141326907,"y":-0.37942177057266238,"z":0.11133113503456116,"w":0.8814181685447693},"size":20.193716049194337,"orthographic":false}